GeneID,mean,sd
Gene4,100,0
Gene2,99.44885335885535,0
Gene5,97.09741202232857,0
Gene3,96.27425793772039,0
Gene1,93.29893313667024,0
