GeneID,mean,sd
Gene2,100,0
Gene4,86.18042275397082,0
Gene3,74.62101286332,0
Gene5,72.00046846569187,0
